index	id	name	cluster	cluster_name	boundary_ratio
491	T1060	Registry Run Keys / Startup Folder	0	Evasion_Persistence	1.0048058187280768
218	T1536	Revert Cloud Instance	0	Evasion_Persistence	1.0048764174761808
208	T1558.005	Ccache Files	0	Evasion_Persistence	1.0080782055902204
401	T1558.001	Golden Ticket	0	Evasion_Persistence	1.0095826841397468
528	T1052.001	Exfiltration over USB	0	Evasion_Persistence	1.009934575376052
453	T1608	Stage Capabilities	0	Evasion_Persistence	1.0100544479356195
111	T1547	Boot or Logon Autostart Execution	0	Evasion_Persistence	1.012021544675184
186	T1590.004	Network Topology	0	Evasion_Persistence	1.0137160054148793
413	T1583.003	Virtual Private Server	0	Evasion_Persistence	1.0152715213076648
342	T1557.001	LLMNR/NBT-NS Poisoning and SMB Relay	0	Evasion_Persistence	1.0177989525011488
147	T1053.003	Cron	0	Evasion_Persistence	1.018305958090497
568	T1114.002	Remote Email Collection	0	Evasion_Persistence	1.0232994839789797
353	T1548.001	Setuid and Setgid	0	Evasion_Persistence	1.0260052560089155
351	T1548	Abuse Elevation Control Mechanism	0	Evasion_Persistence	1.028581992084892
232	T1567	Exfiltration Over Web Service	0	Evasion_Persistence	1.0289247731269255
109	T1114.001	Local Email Collection	0	Evasion_Persistence	1.0295980545052492
152	T1070.002	Clear Linux or Mac System Logs	0	Evasion_Persistence	1.0298693892302166
245	T1055	Process Injection	0	Evasion_Persistence	1.0300954853914293
96	T1542.003	Bootkit	0	Evasion_Persistence	1.0308073528925938
233	T1219	Remote Access Tools	0	Evasion_Persistence	1.0313662792453056
707	T1595.001	Scanning IP Blocks	0	Evasion_Persistence	1.0317331466793593
321	T1027.001	Binary Padding	0	Evasion_Persistence	1.0318592213353117
167	T1119	Automated Collection	0	Evasion_Persistence	1.0320956889779054
761	T1596.005	Scan Databases	0	Evasion_Persistence	1.0346948172214063
93	T1552.005	Cloud Instance Metadata API	0	Evasion_Persistence	1.0353405791987988
322	T1505.003	Web Shell	0	Evasion_Persistence	1.035683975121033
603	T1102.002	Bidirectional Communication	0	Evasion_Persistence	1.0369572913684117
410	T1070	Indicator Removal	0	Evasion_Persistence	1.0421768242408187
100	T1522	Cloud Instance Metadata API	0	Evasion_Persistence	1.0422813212562847
449	T1552.001	Credentials In Files	0	Evasion_Persistence	1.0444041989803303
704	T1498	Network Denial of Service	0	Evasion_Persistence	1.0461405095915564
9	T1027.011	Fileless Storage	0	Evasion_Persistence	1.0467365423150492
143	T1542.005	TFTP Boot	0	Evasion_Persistence	1.0475866268762188
443	T1059.008	Network Device CLI	0	Evasion_Persistence	1.0500662415664757
487	T1072	Software Deployment Tools	0	Evasion_Persistence	1.0560083121911301
463	T1021.007	Cloud Services	0	Evasion_Persistence	1.059113973742643
393	T1059	Command and Scripting Interpreter	0	Evasion_Persistence	1.0596567227493212
798	T1094	Custom Command and Control Protocol	0	Evasion_Persistence	1.0608938161692438
417	T1083	File and Directory Discovery	0	Evasion_Persistence	1.0654476977018534
638	T1499	Endpoint Denial of Service	0	Evasion_Persistence	1.0664968107659565
81	T1542.001	System Firmware	0	Evasion_Persistence	1.0673068153220333
803	T1505.006	vSphere Installation Bundles	0	Evasion_Persistence	1.0691789888219796
717	T1071.001	Web Protocols	0	Evasion_Persistence	1.0717608488274084
420	T1055.004	Asynchronous Procedure Call	0	Evasion_Persistence	1.0750769423809163
221	T1140	Deobfuscate/Decode Files or Information	0	Evasion_Persistence	1.076431421160934
557	T1571	Non-Standard Port	0	Evasion_Persistence	1.0790171305967238
59	T1123	Audio Capture	0	Evasion_Persistence	1.0814993730940297
228	T1195	Supply Chain Compromise	0	Evasion_Persistence	1.0856074313035091
421	T1020.001	Traffic Duplication	0	Evasion_Persistence	1.0858102751540641
676	T1059.003	Windows Command Shell	0	Evasion_Persistence	1.0875535256724804
196	T1053	Scheduled Task/Job	0	Evasion_Persistence	1.0880481363289976
631	T1550.004	Web Session Cookie	0	Evasion_Persistence	1.0884890087374817
157	T1021.004	SSH	0	Evasion_Persistence	1.0919158021367459
566	T1027	Obfuscated Files or Information	0	Evasion_Persistence	1.0929675349551515
508	T1210	Exploitation of Remote Services	0	Evasion_Persistence	1.094819095620317
813	T1601.002	Downgrade System Image	0	Evasion_Persistence	1.096658481461075
776	T1480.001	Environmental Keying	0	Evasion_Persistence	1.1003977235025355
307	T1610	Deploy Container	0	Evasion_Persistence	1.1060526234127674
793	T1490	Inhibit System Recovery	0	Evasion_Persistence	1.1063560618549528
710	T1037.004	RC Scripts	0	Evasion_Persistence	1.1097546621926972
545	T1559	Inter-Process Communication	0	Evasion_Persistence	1.1175882418303953
715	T1027.002	Software Packing	0	Evasion_Persistence	1.1185715102419034
514	T1547.001	Registry Run Keys / Startup Folder	0	Evasion_Persistence	1.1203537814753202
220	T1005	Data from Local System	0	Evasion_Persistence	1.124361261318144
799	T1102.001	Dead Drop Resolver	0	Evasion_Persistence	1.1247149494339392
702	T1070.004	File Deletion	0	Evasion_Persistence	1.1263136940149732
311	T1543.004	Launch Daemon	0	Evasion_Persistence	1.1269900666278672
498	T1546.001	Change Default File Association	0	Evasion_Persistence	1.1271015073230626
30	T1222.002	Linux and Mac File and Directory Permissions Modification	0	Evasion_Persistence	1.1287959703747534
768	T1003.003	NTDS	0	Evasion_Persistence	1.12991205594992
579	T1599	Network Boundary Bridging	0	Evasion_Persistence	1.1313818011136216
696	T1537	Transfer Data to Cloud Account	0	Evasion_Persistence	1.1323402218801664
683	T1070.009	Clear Persistence	0	Evasion_Persistence	1.1368893003525378
748	T1648	Serverless Execution	0	Evasion_Persistence	1.1383244362685756
511	T1534	Internal Spearphishing	0	Evasion_Persistence	1.140301166214662
611	T1570	Lateral Tool Transfer	0	Evasion_Persistence	1.1517902523489014
325	T1552.004	Private Keys	0	Evasion_Persistence	1.1549551332652221
61	T1133	External Remote Services	0	Evasion_Persistence	1.1620093415311226
429	T1074	Data Staged	0	Evasion_Persistence	1.1729157260902046
21	T1027.009	Embedded Payloads	0	Evasion_Persistence	1.1751000578605897
818	T1529	System Shutdown/Reboot	0	Evasion_Persistence	1.1766955085628505
37	T1561.002	Disk Structure Wipe	0	Evasion_Persistence	1.1865608273725339
643	T1197	BITS Jobs	0	Evasion_Persistence	1.1970147244807412
173	T1553.001	Gatekeeper Bypass	1	Mixed_General_Purpose	1.006501988499049
317	T1557.003	DHCP Spoofing	1	Mixed_General_Purpose	1.012187529230068
621	T1095	Non-Application Layer Protocol	1	Mixed_General_Purpose	1.012730387413432
248	T1205	Traffic Signaling	1	Mixed_General_Purpose	1.0137145871130429
470	T1204	User Execution	1	Mixed_General_Purpose	1.0151950876329685
531	T1053.006	Systemd Timers	1	Mixed_General_Purpose	1.0152906892021756
727	T1526	Cloud Service Discovery	1	Mixed_General_Purpose	1.0157362947231077
174	T1675	ESXi Administration Command	1	Mixed_General_Purpose	1.0169025970376027
46	T1564.008	Email Hiding Rules	1	Mixed_General_Purpose	1.0171295576777477
192	T1071	Application Layer Protocol	1	Mixed_General_Purpose	1.0172606312517332
651	T1562.008	Disable or Modify Cloud Logs	1	Mixed_General_Purpose	1.018430488229664
263	T1010	Application Window Discovery	1	Mixed_General_Purpose	1.0199365537358644
168	T1115	Clipboard Data	1	Mixed_General_Purpose	1.0214122452818752
72	T1548.003	Sudo and Sudo Caching	1	Mixed_General_Purpose	1.0267999400830814
368	T1098.004	SSH Authorized Keys	1	Mixed_General_Purpose	1.0282793648065787
24	T1578.004	Revert Cloud Instance	1	Mixed_General_Purpose	1.030452430815068
489	T1134.004	Parent PID Spoofing	1	Mixed_General_Purpose	1.0304789526685427
503	T1015	Accessibility Features	1	Mixed_General_Purpose	1.0312168609231522
110	T1555.001	Keychain	1	Mixed_General_Purpose	1.0329013158650064
11	T1037	Boot or Logon Initialization Scripts	1	Mixed_General_Purpose	1.0333660416517123
660	T1546.010	AppInit DLLs	1	Mixed_General_Purpose	1.0336864639746552
138	T1586.001	Social Media Accounts	1	Mixed_General_Purpose	1.0380822439529842
763	T1578.001	Create Snapshot	1	Mixed_General_Purpose	1.0397766466708023
285	T1597.001	Threat Intel Vendors	1	Mixed_General_Purpose	1.0402495801875058
519	T1562.013	Disable or Modify Network Device Firewall	1	Mixed_General_Purpose	1.0413185150855926
140	T1527	Application Access Token	1	Mixed_General_Purpose	1.0418615879097286
755	T1021.001	Remote Desktop Protocol	1	Mixed_General_Purpose	1.04194974358861
27	T1596.003	Digital Certificates	1	Mixed_General_Purpose	1.0436089783090603
261	T1518.002	Backup Software Discovery	1	Mixed_General_Purpose	1.0436457689497092
172	T1103	AppInit DLLs	1	Mixed_General_Purpose	1.0457056954215633
605	T1595.003	Wordlist Scanning	1	Mixed_General_Purpose	1.0486696747727489
373	T1546.012	Image File Execution Options Injection	1	Mixed_General_Purpose	1.049389506737951
301	T1059.009	Cloud API	1	Mixed_General_Purpose	1.0508832830474453
650	T1557.002	ARP Cache Poisoning	1	Mixed_General_Purpose	1.0519640383317075
808	T1561.001	Disk Content Wipe	1	Mixed_General_Purpose	1.052063635213019
729	T1151	Space after Filename	1	Mixed_General_Purpose	1.0535257759748264
294	T1553.003	SIP and Trust Provider Hijacking	1	Mixed_General_Purpose	1.0535342285529004
425	T1546.009	AppCert DLLs	1	Mixed_General_Purpose	1.053805213638139
619	T1184	SSH Hijacking	1	Mixed_General_Purpose	1.0545662545376102
23	T1556.003	Pluggable Authentication Modules	1	Mixed_General_Purpose	1.0551111495340677
241	T1547.010	Port Monitors	1	Mixed_General_Purpose	1.055517089737286
447	T1497	Virtualization/Sandbox Evasion	1	Mixed_General_Purpose	1.0565914045961056
458	T1619	Cloud Storage Object Discovery	1	Mixed_General_Purpose	1.056980467380148
247	T1139	Bash History	1	Mixed_General_Purpose	1.058043047344324
561	T1068	Exploitation for Privilege Escalation	1	Mixed_General_Purpose	1.058164464462146
29	T1564.012	File/Path Exclusions	1	Mixed_General_Purpose	1.0588387125418104
328	T1011.001	Exfiltration Over Bluetooth	1	Mixed_General_Purpose	1.0592419565462585
530	T1597	Search Closed Sources	1	Mixed_General_Purpose	1.0595200435738048
737	T1036.006	Space after Filename	1	Mixed_General_Purpose	1.0601854153389587
105	T1587.003	Digital Certificates	1	Mixed_General_Purpose	1.0604911967767447
320	T1564.013	Bind Mounts	1	Mixed_General_Purpose	1.0615556862203508
235	T1560.002	Archive via Library	1	Mixed_General_Purpose	1.0618413685028338
7	T1156	Malicious Shell Modification	1	Mixed_General_Purpose	1.0654275966557671
655	T1127.002	ClickOnce	1	Mixed_General_Purpose	1.0678356610899595
331	T1183	Image File Execution Options Injection	1	Mixed_General_Purpose	1.0679356440504948
773	T1547.008	LSASS Driver	1	Mixed_General_Purpose	1.0681447512672235
571	T1564.006	Run Virtual Instance	1	Mixed_General_Purpose	1.0684217080857652
669	T1500	Compile After Delivery	1	Mixed_General_Purpose	1.0687764661982038
636	T1553.004	Install Root Certificate	1	Mixed_General_Purpose	1.0688689386104924
646	T1578.005	Modify Cloud Compute Configurations	1	Mixed_General_Purpose	1.0693665246304227
435	T1600.002	Disable Crypto Hardware	1	Mixed_General_Purpose	1.0712579891340042
739	T1608.006	SEO Poisoning	1	Mixed_General_Purpose	1.0721062564951795
213	T1059.010	AutoHotKey & AutoIT	1	Mixed_General_Purpose	1.0730149494987868
378	T1548.005	Temporary Elevated Cloud Access	1	Mixed_General_Purpose	1.0740499119122935
753	T1653	Power Settings	1	Mixed_General_Purpose	1.0743775738639858
45	T1666	Modify Cloud Resource Hierarchy	1	Mixed_General_Purpose	1.0744810145015786
308	T1107	File Deletion	1	Mixed_General_Purpose	1.0760411005149146
536	T1070.005	Network Share Connection Removal	1	Mixed_General_Purpose	1.0777886878390615
469	T1098.001	Additional Cloud Credentials	1	Mixed_General_Purpose	1.0785772555135622
516	T1136.003	Cloud Account	1	Mixed_General_Purpose	1.0792258928768452
67	T1036.007	Double File Extension	1	Mixed_General_Purpose	1.0792503492414875
569	T1505.004	IIS Components	1	Mixed_General_Purpose	1.0798373349790866
685	T1146	Clear Command History	1	Mixed_General_Purpose	1.0809329746800227
65	T1053.007	Container Orchestration Job	1	Mixed_General_Purpose	1.0825112989301704
257	T1016.002	Wi-Fi Discovery	1	Mixed_General_Purpose	1.0827945709637323
497	T1023	Shortcut Modification	1	Mixed_General_Purpose	1.083015759971463
57	T1485.001	Lifecycle-Triggered Deletion	1	Mixed_General_Purpose	1.083508796237138
206	T1195.003	Compromise Hardware Supply Chain	1	Mixed_General_Purpose	1.0838578921436208
581	T1488	Disk Content Wipe	1	Mixed_General_Purpose	1.0838824359071637
271	T1562.002	Disable Windows Event Logging	1	Mixed_General_Purpose	1.085610520759229
751	T1160	Launch Daemon	1	Mixed_General_Purpose	1.0876083683008013
145	T1568.001	Fast Flux DNS	1	Mixed_General_Purpose	1.0889255936078517
304	T1562.012	Disable or Modify Linux Audit System	1	Mixed_General_Purpose	1.0893871422245724
354	T1547.004	Winlogon Helper DLL	1	Mixed_General_Purpose	1.0894484603887493
3	T1066	Indicator Removal from Tools	1	Mixed_General_Purpose	1.089633275739121
815	T1669	Wi-Fi Networks	1	Mixed_General_Purpose	1.090078474926227
635	T1506	Web Session Cookie	1	Mixed_General_Purpose	1.0904904530151123
94	T1555.002	Securityd Memory	1	Mixed_General_Purpose	1.090546778563188
399	T1677	Poisoned Pipeline Execution	1	Mixed_General_Purpose	1.0916188176194828
597	T1593.001	Social Media	1	Mixed_General_Purpose	1.0920005897507248
437	T1612	Build Image on Host	1	Mixed_General_Purpose	1.0944877514851048
101	T1093	Process Hollowing	1	Mixed_General_Purpose	1.0945888345129764
541	T1219.003	Remote Access Hardware	1	Mixed_General_Purpose	1.0953265797309022
705	T1651	Cloud Administration Command	1	Mixed_General_Purpose	1.0958463085823544
698	T1556.005	Reversible Encryption	1	Mixed_General_Purpose	1.096032206644996
647	T1088	Bypass User Account Control	1	Mixed_General_Purpose	1.0965034969297764
758	T1665	Hide Infrastructure	1	Mixed_General_Purpose	1.0990767352670767
591	T1081	Credentials in Files	1	Mixed_General_Purpose	1.099586534520337
475	T1196	Control Panel Items	1	Mixed_General_Purpose	1.0998310904920212
287	T1602.002	Network Device Configuration Dump	1	Mixed_General_Purpose	1.1001936903184628
379	T1125	Video Capture	1	Mixed_General_Purpose	1.10020270891804
259	T1564.011	Ignore Process Interrupts	1	Mixed_General_Purpose	1.1003993309634212
274	T1525	Implant Internal Image	1	Mixed_General_Purpose	1.1016802432326913
369	T1673	Virtual Machine Discovery	1	Mixed_General_Purpose	1.1037894489228317
708	T1158	Hidden Files and Directories	1	Mixed_General_Purpose	1.1042205482542677
604	T1203	Exploitation for Client Execution	1	Mixed_General_Purpose	1.1048327668228672
816	T1211	Exploitation for Defense Evasion	1	Mixed_General_Purpose	1.1052095171652903
794	T1546.007	Netsh Helper DLL	1	Mixed_General_Purpose	1.1053072433721556
122	T1206	Sudo Caching	1	Mixed_General_Purpose	1.1053776266101771
215	T1070.003	Clear Command History	1	Mixed_General_Purpose	1.1054008639621438
113	T1013	Port Monitors	1	Mixed_General_Purpose	1.1061253656674543
540	T1137.003	Outlook Forms	1	Mixed_General_Purpose	1.1064475736034691
243	T1037.002	Login Hook	1	Mixed_General_Purpose	1.1066493818214116
88	T1195.001	Compromise Software Dependencies and Development Tools	1	Mixed_General_Purpose	1.1066606595815203
719	T1564.005	Hidden File System	1	Mixed_General_Purpose	1.1080797355782392
637	T1037.003	Network Logon Script	1	Mixed_General_Purpose	1.10951174408624
115	T1606.002	SAML Tokens	1	Mixed_General_Purpose	1.1097064190921806
201	T1556.002	Password Filter DLL	1	Mixed_General_Purpose	1.1101364645109824
49	T1171	LLMNR/NBT-NS Poisoning and Relay	1	Mixed_General_Purpose	1.1107834188888022
281	T1004	Winlogon Helper DLL	1	Mixed_General_Purpose	1.1119039969849447
606	T1667	Email Bombing	1	Mixed_General_Purpose	1.112023840858611
434	T1553.005	Mark-of-the-Web Bypass	1	Mixed_General_Purpose	1.112262988927748
251	T1218	System Binary Proxy Execution	1	Mixed_General_Purpose	1.1123132951741934
214	T1600.001	Reduce Key Space	1	Mixed_General_Purpose	1.1126692196948307
529	T1574.013	KernelCallbackTable	1	Mixed_General_Purpose	1.1127158145678913
446	T1559.003	XPC Services	1	Mixed_General_Purpose	1.112742636272852
309	T1145	Private Keys	1	Mixed_General_Purpose	1.1137980255496036
562	T1564.009	Resource Forking	1	Mixed_General_Purpose	1.1145907672391724
754	T1027.007	Dynamic API Resolution	1	Mixed_General_Purpose	1.1148387596792588
385	T1593.003	Code Repositories	1	Mixed_General_Purpose	1.1148851564826563
70	T1496.003	SMS Pumping	1	Mixed_General_Purpose	1.1194752816544722
602	T1036.003	Rename Legitimate Utilities	1	Mixed_General_Purpose	1.1196492515789913
634	T1546.018	Python Startup Hooks	1	Mixed_General_Purpose	1.120285096759252
459	T1606.001	Web Cookies	1	Mixed_General_Purpose	1.1211658834106866
607	T1562.011	Spoof Security Alerting	1	Mixed_General_Purpose	1.1214732805271423
142	T1180	Screensaver	1	Mixed_General_Purpose	1.121628263313618
250	T1503	Credentials from Web Browsers	1	Mixed_General_Purpose	1.1225102728006389
17	T1583.007	Serverless	1	Mixed_General_Purpose	1.1239020451207604
131	T1592.001	Hardware	1	Mixed_General_Purpose	1.1249628132651923
16	T1613	Container and Resource Discovery	1	Mixed_General_Purpose	1.126493102894946
246	T1567.004	Exfiltration Over Webhook	1	Mixed_General_Purpose	1.1265893180096644
268	T1182	AppCert DLLs	1	Mixed_General_Purpose	1.1268183309829523
462	T1567.001	Exfiltration to Code Repository	1	Mixed_General_Purpose	1.127912667943829
74	T1578	Modify Cloud Compute Infrastructure	1	Mixed_General_Purpose	1.1280724882397555
524	T1678	Delay Execution	1	Mixed_General_Purpose	1.1280814729842146
390	T1198	SIP and Trust Provider Hijacking	1	Mixed_General_Purpose	1.1280993363219485
716	T1584.007	Serverless	1	Mixed_General_Purpose	1.1297001921183216
752	T1055.008	Ptrace System Calls	1	Mixed_General_Purpose	1.1302267056375497
452	T1547.015	Login Items	1	Mixed_General_Purpose	1.1310414698452704
575	T1546	Event Triggered Execution	1	Mixed_General_Purpose	1.1313719989618554
779	T1564.004	NTFS File Attributes	1	Mixed_General_Purpose	1.1327386465825429
713	T1111	Multi-Factor Authentication Interception	1	Mixed_General_Purpose	1.1331785516615307
667	T1556.009	Conditional Access Policies	1	Mixed_General_Purpose	1.1333397642237097
623	T1059.013	Container CLI/API	1	Mixed_General_Purpose	1.1333572215988035
590	T1567.003	Exfiltration to Text Storage Sites	1	Mixed_General_Purpose	1.1337205363153984
380	T1144	Gatekeeper Bypass	1	Mixed_General_Purpose	1.1339727568519096
630	T1028	Windows Remote Management	1	Mixed_General_Purpose	1.1344385285645737
327	T1021.006	Windows Remote Management	1	Mixed_General_Purpose	1.134594115527133
593	T1128	Netsh Helper DLL	1	Mixed_General_Purpose	1.1349579986674507
778	T1680	Local Storage Discovery	1	Mixed_General_Purpose	1.1352163747719817
295	T1483	Domain Generation Algorithms	1	Mixed_General_Purpose	1.135995906633566
510	T1142	Keychain	1	Mixed_General_Purpose	1.1366608260128197
822	T1574.012	COR_PROFILER	1	Mixed_General_Purpose	1.1370941336174234
436	T1542	Pre-OS Boot	1	Mixed_General_Purpose	1.137513629027803
642	T1564.007	VBA Stomping	1	Mixed_General_Purpose	1.1384347995384962
678	T1223	Compiled HTML File	1	Mixed_General_Purpose	1.1395338023374793
193	T1574.014	AppDomainManager	1	Mixed_General_Purpose	1.1399339837836338
405	T1219.001	IDE Tunneling	1	Mixed_General_Purpose	1.1401294268664652
236	T1055.003	Thread Execution Hijacking	1	Mixed_General_Purpose	1.1404986367666694
277	T1599.001	Network Address Translation Traversal	1	Mixed_General_Purpose	1.1409059435318791
25	T1148	HISTCONTROL	1	Mixed_General_Purpose	1.1420887586165926
554	T1204.003	Malicious Image	1	Mixed_General_Purpose	1.1426920588571223
686	T1555.004	Windows Credential Manager	1	Mixed_General_Purpose	1.1428960005184505
583	T1548.004	Elevated Execution with Prompt	1	Mixed_General_Purpose	1.1434135139046064
769	T1602.001	SNMP (MIB Dump)	1	Mixed_General_Purpose	1.1438486269586716
389	T1504	PowerShell Profile	1	Mixed_General_Purpose	1.1442725730864947
792	T1495	Firmware Corruption	1	Mixed_General_Purpose	1.1452040883272367
494	T1554	Compromise Host Software Binary	1	Mixed_General_Purpose	1.1465694167500675
555	T1543.005	Container Service	1	Mixed_General_Purpose	1.1466953789987056
423	T1647	Plist File Modification	1	Mixed_General_Purpose	1.1497965405429862
586	T1174	Password Filter DLL	1	Mixed_General_Purpose	1.1519044670440466
735	T1055.005	Thread Local Storage	1	Mixed_General_Purpose	1.1519198160889725
697	T1027.006	HTML Smuggling	1	Mixed_General_Purpose	1.1521873157336262
787	T1086	PowerShell	1	Mixed_General_Purpose	1.153269697709201
616	T1037.005	Startup Items	1	Mixed_General_Purpose	1.1534879142738792
747	T1126	Network Share Connection Removal	1	Mixed_General_Purpose	1.1536643779848934
363	T1164	Re-opened Applications	1	Mixed_General_Purpose	1.1540466800875644
760	T1220	XSL Script Processing	1	Mixed_General_Purpose	1.1542289109800645
357	T1042	Change Default File Association	1	Mixed_General_Purpose	1.1543811654601555
665	T1546.002	Screensaver	1	Mixed_General_Purpose	1.1545208864090792
56	T1501	Systemd Service	1	Mixed_General_Purpose	1.155786721409504
615	T1166	Setuid and Setgid	1	Mixed_General_Purpose	1.1559970893150269
84	T1574.011	Services Registry Permissions Weakness	1	Mixed_General_Purpose	1.156035886745243
335	T1574.006	Dynamic Linker Hijacking	1	Mixed_General_Purpose	1.1578934379106325
501	T1679	Selective Exclusion	1	Mixed_General_Purpose	1.1582106230647344
198	T1162	Login Item	1	Mixed_General_Purpose	1.15869648496242
346	T1176.002	IDE Extensions	1	Mixed_General_Purpose	1.1592211643589596
305	T1207	Rogue Domain Controller	1	Mixed_General_Purpose	1.1597354943944906
480	T1556.008	Network Provider DLL	1	Mixed_General_Purpose	1.1599253371852134
154	T1137	Office Application Startup	1	Mixed_General_Purpose	1.1599833547018326
187	T1587.002	Code Signing Certificates	1	Mixed_General_Purpose	1.160250686374445
121	T1652	Device Driver Discovery	1	Mixed_General_Purpose	1.161016658605058
22	T1150	Plist Modification	1	Mixed_General_Purpose	1.1623227921065402
701	T1022	Data Encrypted	1	Mixed_General_Purpose	1.1630628957576348
160	T1089	Disabling Security Tools	1	Mixed_General_Purpose	1.1643060506698435
205	T1499.002	Service Exhaustion Flood	1	Mixed_General_Purpose	1.164838474947975
495	T1552.008	Chat Messages	1	Mixed_General_Purpose	1.165529908410866
58	T1514	Elevated Execution with Prompt	1	Mixed_General_Purpose	1.1659224527214478
613	T1608.003	Install Digital Certificate	1	Mixed_General_Purpose	1.1663858436390864
267	T1497.003	Time Based Checks	1	Mixed_General_Purpose	1.1669461990733259
63	T1546.006	LC_LOAD_DYLIB Addition	1	Mixed_General_Purpose	1.1671579672237113
370	T1215	Kernel Modules and Extensions	1	Mixed_General_Purpose	1.1673376419794357
139	T1176.001	Browser Extensions	1	Mixed_General_Purpose	1.1674869502321044
151	T1165	Startup Items	1	Mixed_General_Purpose	1.1677358589644276
164	T1027.008	Stripped Payloads	1	Mixed_General_Purpose	1.16779802417569
161	T1487	Disk Structure Wipe	1	Mixed_General_Purpose	1.1681973961182703
114	T1600	Weaken Encryption	1	Mixed_General_Purpose	1.1687822723200543
53	T1546.013	PowerShell Profile	1	Mixed_General_Purpose	1.169029381013587
750	T1084	Windows Management Instrumentation Event Subscription	1	Mixed_General_Purpose	1.17037788480529
688	T1519	Emond	1	Mixed_General_Purpose	1.1710602845035252
75	T1584.008	Network Devices	1	Mixed_General_Purpose	1.171162006371048
51	T1499.001	OS Exhaustion Flood	1	Mixed_General_Purpose	1.1714655548979995
502	T1122	Component Object Model Hijacking	1	Mixed_General_Purpose	1.174035815140897
33	T1597.002	Purchase Technical Data	1	Mixed_General_Purpose	1.174238444714805
732	T1590.001	Domain Properties	1	Mixed_General_Purpose	1.1742465532630104
158	T1098.003	Additional Cloud Roles	1	Mixed_General_Purpose	1.1742746877315167
614	T1168	Local Job Scheduling	1	Mixed_General_Purpose	1.1745646387379627
790	T1546.017	Udev Rules	1	Mixed_General_Purpose	1.1747710109466714
572	T1154	Trap	1	Mixed_General_Purpose	1.17531999449273
485	T1496.004	Cloud Service Hijacking	1	Mixed_General_Purpose	1.1754599642468284
284	T1076	Remote Desktop Protocol	1	Mixed_General_Purpose	1.1757700085278209
513	T1574.010	Services File Permissions Weakness	1	Mixed_General_Purpose	1.1766841674376725
18	T1143	Hidden Window	1	Mixed_General_Purpose	1.178359917337376
406	T1036.002	Right-to-Left Override	1	Mixed_General_Purpose	1.1785292234724838
260	T1611	Escape to Host	1	Mixed_General_Purpose	1.1791771689471293
50	T1590.005	IP Addresses	1	Mixed_General_Purpose	1.1813562275465734
477	T1087.004	Cloud Account	1	Mixed_General_Purpose	1.184582908370876
394	T1204.005	Malicious Library	1	Mixed_General_Purpose	1.1849829222413981
499	T1055.014	VDSO Hijacking	1	Mixed_General_Purpose	1.1856938660378824
482	T1596.004	CDNs	1	Mixed_General_Purpose	1.1861851333464568
163	T1214	Credentials in Registry	1	Mixed_General_Purpose	1.1864864955925314
690	T1200	Hardware Additions	1	Mixed_General_Purpose	1.1872710920822789
334	T1546.005	Trap	1	Mixed_General_Purpose	1.187459619621737
404	T1562.007	Disable or Modify Cloud Firewall	1	Mixed_General_Purpose	1.1880779249091042
767	T1173	Dynamic Data Exchange	1	Mixed_General_Purpose	1.1883172827069806
411	T1048.001	Exfiltration Over Symmetric Encrypted Non-C2 Protocol	1	Mixed_General_Purpose	1.1894699299774179
185	T1036.009	Break Process Trees	1	Mixed_General_Purpose	1.1901031367496802
448	T1102	Web Service	1	Mixed_General_Purpose	1.1901126222389158
47	T1491.002	External Defacement	1	Mixed_General_Purpose	1.1906123685837289
691	T1219.002	Remote Desktop Software	1	Mixed_General_Purpose	1.192912011660722
202	T1505.005	Terminal Services DLL	1	Mixed_General_Purpose	1.1930055901052725
375	T1593.002	Search Engines	1	Mixed_General_Purpose	1.1959827362180677
98	T1116	Code Signing	1	Mixed_General_Purpose	1.1964062232121309
687	T1036.010	Masquerade Account Name	1	Mixed_General_Purpose	1.1968282709784879
811	T1027.015	Compression	1	Mixed_General_Purpose	1.197357607153088
303	T1218.015	Electron Applications	1	Mixed_General_Purpose	1.1976572641605623
684	T1059.012	Hypervisor CLI	1	Mixed_General_Purpose	1.198087087788643
622	T1075	Pass the Hash	1	Mixed_General_Purpose	1.1998145704499408
670	T1555.006	Cloud Secrets Management Stores	2	Discovery_Reconnaissance	1.0026540935656942
209	T1070.007	Clear Network Connection History and Configurations	2	Discovery_Reconnaissance	1.0060356326430822
298	T1071.003	Mail Protocols	2	Discovery_Reconnaissance	1.0075654007019492
8	T1113	Screen Capture	2	Discovery_Reconnaissance	1.0079497416910685
5	T1021.005	VNC	2	Discovery_Reconnaissance	1.0083787101940962
237	T1079	Multilayer Encryption	2	Discovery_Reconnaissance	1.0094035521236226
54	T1059.007	JavaScript	2	Discovery_Reconnaissance	1.0112937774151138
609	T1573.002	Asymmetric Cryptography	2	Discovery_Reconnaissance	1.0123875243960634
504	T1212	Exploitation for Credential Access	2	Discovery_Reconnaissance	1.013577446098191
42	T1006	Direct Volume Access	2	Discovery_Reconnaissance	1.0136242867771657
73	T1560.003	Archive via Custom Method	2	Discovery_Reconnaissance	1.0137936095499769
419	T1036.004	Masquerade Task or Service	2	Discovery_Reconnaissance	1.0152478675017766
682	T1213	Data from Information Repositories	2	Discovery_Reconnaissance	1.0156106667949594
472	T1564.002	Hidden Users	2	Discovery_Reconnaissance	1.0159131521036995
118	T1489	Service Stop	2	Discovery_Reconnaissance	1.017374873785742
724	T1547.013	XDG Autostart Entries	2	Discovery_Reconnaissance	1.0182247761355814
141	T1562.009	Safe Mode Boot	2	Discovery_Reconnaissance	1.0192687956044129
159	T1547.012	Print Processors	2	Discovery_Reconnaissance	1.0199566155547826
438	T1055.002	Portable Executable Injection	2	Discovery_Reconnaissance	1.0219865353491422
594	T1056	Input Capture	2	Discovery_Reconnaissance	1.0220496272393622
127	T1204.002	Malicious File	2	Discovery_Reconnaissance	1.022497583764099
806	T1505.001	SQL Stored Procedures	2	Discovery_Reconnaissance	1.0229006922756054
666	T1147	Hidden Users	2	Discovery_Reconnaissance	1.0237581294430769
92	T1071.004	DNS	2	Discovery_Reconnaissance	1.0241196367151097
582	T1553	Subvert Trust Controls	2	Discovery_Reconnaissance	1.0245471408229
553	T1027.005	Indicator Removal from Tools	2	Discovery_Reconnaissance	1.0247256315891464
577	T1187	Forced Authentication	2	Discovery_Reconnaissance	1.025443633614251
560	T1055.012	Process Hollowing	2	Discovery_Reconnaissance	1.0257806600170254
584	T1592.003	Firmware	2	Discovery_Reconnaissance	1.0266882642003765
471	T1491.001	Internal Defacement	2	Discovery_Reconnaissance	1.0280418986254745
340	T1070.001	Clear Windows Event Logs	2	Discovery_Reconnaissance	1.028527310216308
628	T1012	Query Registry	2	Discovery_Reconnaissance	1.0300500130823196
465	T1027.012	LNK Icon Smuggling	2	Discovery_Reconnaissance	1.0312021151889372
639	T1027.004	Compile After Delivery	2	Discovery_Reconnaissance	1.0330370461259146
659	T1132	Data Encoding	2	Discovery_Reconnaissance	1.0333629077173943
204	T1176	Software Extensions	2	Discovery_Reconnaissance	1.0342097716025571
777	T1008	Fallback Channels	2	Discovery_Reconnaissance	1.034425315453959
759	T1484	Domain or Tenant Policy Modification	2	Discovery_Reconnaissance	1.0352806695686274
384	T1578.003	Delete Cloud Instance	2	Discovery_Reconnaissance	1.0366907805039545
418	T1568	Dynamic Resolution	2	Discovery_Reconnaissance	1.0383153910101592
224	T1586.003	Cloud Accounts	2	Discovery_Reconnaissance	1.042376929938884
538	T1110	Brute Force	2	Discovery_Reconnaissance	1.0424366275554162
706	T1546.016	Installer Packages	2	Discovery_Reconnaissance	1.0475024118257388
756	T1037.001	Logon Script (Windows)	2	Discovery_Reconnaissance	1.050817699638026
352	T1134.002	Create Process with Token	2	Discovery_Reconnaissance	1.0510000507668944
580	T1486	Data Encrypted for Impact	2	Discovery_Reconnaissance	1.0533549721435131
60	T1543	Create or Modify System Process	2	Discovery_Reconnaissance	1.0542964648658963
457	T1480	Execution Guardrails	2	Discovery_Reconnaissance	1.0543962030472658
296	T1185	Browser Session Hijacking	2	Discovery_Reconnaissance	1.0549961521023183
468	T1598.002	Spearphishing Attachment	2	Discovery_Reconnaissance	1.055435848099669
699	T1027.010	Command Obfuscation	2	Discovery_Reconnaissance	1.0562794350255893
496	T1059.001	PowerShell	2	Discovery_Reconnaissance	1.0582838233865663
254	T1070.006	Timestomp	2	Discovery_Reconnaissance	1.0583732693590229
783	T1124	System Time Discovery	2	Discovery_Reconnaissance	1.0586473972837507
786	T1055.001	Dynamic-link Library Injection	2	Discovery_Reconnaissance	1.0587124957183465
486	T1585.003	Cloud Accounts	2	Discovery_Reconnaissance	1.0591411449446726
103	T1036.005	Match Legitimate Resource Name or Location	2	Discovery_Reconnaissance	1.0598101443911296
533	T1542.004	ROMMONkit	2	Discovery_Reconnaissance	1.0602150687775822
774	T1569.002	Service Execution	2	Discovery_Reconnaissance	1.060900600843593
668	T1578.002	Create Cloud Instance	2	Discovery_Reconnaissance	1.0614520841309154
162	T1566.001	Spearphishing Attachment	2	Discovery_Reconnaissance	1.0619172072496605
12	T1557	Adversary-in-the-Middle	2	Discovery_Reconnaissance	1.0620872501720837
291	T1562.004	Disable or Modify System Firewall	2	Discovery_Reconnaissance	1.062166959926952
427	T1188	Multi-hop Proxy	2	Discovery_Reconnaissance	1.0653859493107511
742	T1574.002	DLL Side-Loading	2	Discovery_Reconnaissance	1.0664932300646295
801	T1001.001	Junk Data	2	Discovery_Reconnaissance	1.0687708883121496
736	T1622	Debugger Evasion	2	Discovery_Reconnaissance	1.0692173545847767
310	T1112	Modify Registry	2	Discovery_Reconnaissance	1.0694399511613784
132	T1080	Taint Shared Content	2	Discovery_Reconnaissance	1.0706401111533648
377	T1591.002	Business Relationships	2	Discovery_Reconnaissance	1.0707052265808819
675	T1569	System Services	2	Discovery_Reconnaissance	1.0717414083405499
473	T1134.003	Make and Impersonate Token	2	Discovery_Reconnaissance	1.0717697652236404
64	T1539	Steal Web Session Cookie	2	Discovery_Reconnaissance	1.0727533826328461
431	T1098.005	Device Registration	2	Discovery_Reconnaissance	1.072791928941322
415	T1550.003	Pass the Ticket	2	Discovery_Reconnaissance	1.07406599953248
711	T1134	Access Token Manipulation	2	Discovery_Reconnaissance	1.075668617156914
460	T1654	Log Enumeration	2	Discovery_Reconnaissance	1.0757599606367143
680	T1601.001	Patch System Image	2	Discovery_Reconnaissance	1.0760880549074814
810	T1048.003	Exfiltration Over Unencrypted Non-C2 Protocol	2	Discovery_Reconnaissance	1.0760931996110825
507	T1590	Gather Victim Network Information	2	Discovery_Reconnaissance	1.07752282843415
35	T1129	Shared Modules	2	Discovery_Reconnaissance	1.078347534747005
316	T1535	Unused/Unsupported Cloud Regions	2	Discovery_Reconnaissance	1.0799052970704752
199	T1590.003	Network Trust Dependencies	2	Discovery_Reconnaissance	1.0801806669026817
466	T1583.006	Web Services	2	Discovery_Reconnaissance	1.0805700649592969
730	T1018	Remote System Discovery	2	Discovery_Reconnaissance	1.0806772252923853
641	T1614	System Location Discovery	2	Discovery_Reconnaissance	1.0808933609402813
6	T1047	Windows Management Instrumentation	2	Discovery_Reconnaissance	1.081831023855047
608	T1137.004	Outlook Home Page	2	Discovery_Reconnaissance	1.0836552285827532
230	T1558	Steal or Forge Kerberos Tickets	2	Discovery_Reconnaissance	1.0838498233201483
444	T1552.003	Shell History	2	Discovery_Reconnaissance	1.0860610600963807
432	T1049	System Network Connections Discovery	2	Discovery_Reconnaissance	1.0872798955611538
217	T1024	Custom Cryptographic Protocol	2	Discovery_Reconnaissance	1.0873150582750881
734	T1538	Cloud Service Dashboard	2	Discovery_Reconnaissance	1.0889686248816743
402	T1020	Automated Exfiltration	2	Discovery_Reconnaissance	1.0899176028171071
433	T1584	Compromise Infrastructure	2	Discovery_Reconnaissance	1.0933031068020242
165	T1559.001	Component Object Model	2	Discovery_Reconnaissance	1.09481695405873
229	T1190	Exploit Public-Facing Application	2	Discovery_Reconnaissance	1.094922901368256
146	T1497.001	System Checks	2	Discovery_Reconnaissance	1.0957431314086061
574	T1201	Password Policy Discovery	2	Discovery_Reconnaissance	1.098542283114952
490	T1591	Gather Victim Org Information	2	Discovery_Reconnaissance	1.0986674057007486
772	T1550.001	Application Access Token	2	Discovery_Reconnaissance	1.1013708984699917
395	T1562.006	Indicator Blocking	2	Discovery_Reconnaissance	1.1017351938149607
288	T1589	Gather Victim Identity Information	2	Discovery_Reconnaissance	1.1017777760792578
1	T1053.005	Scheduled Task	2	Discovery_Reconnaissance	1.1041273465240788
136	T1087.001	Local Account	2	Discovery_Reconnaissance	1.1045112135231143
383	T1016	System Network Configuration Discovery	2	Discovery_Reconnaissance	1.1055248240501994
89	T1588.004	Digital Certificates	2	Discovery_Reconnaissance	1.1062907365521673
771	T1204.001	Malicious Link	2	Discovery_Reconnaissance	1.1080445445303106
71	T1016.001	Internet Connection Discovery	2	Discovery_Reconnaissance	1.1083149900184663
709	T1221	Template Injection	2	Discovery_Reconnaissance	1.1098147059438865
550	T1574	Hijack Execution Flow	2	Discovery_Reconnaissance	1.1105489558688941
348	T1595	Active Scanning	2	Discovery_Reconnaissance	1.112310092297807
481	T1546.003	Windows Management Instrumentation Event Subscription	2	Discovery_Reconnaissance	1.1128727131807628
184	T1120	Peripheral Device Discovery	2	Discovery_Reconnaissance	1.1133902838671905
135	T1573.001	Symmetric Cryptography	2	Discovery_Reconnaissance	1.1141162067963988
624	T1027.003	Steganography	2	Discovery_Reconnaissance	1.1143988961654638
13	T1033	System Owner/User Discovery	2	Discovery_Reconnaissance	1.1149332586641323
509	T1502	Parent PID Spoofing	2	Discovery_Reconnaissance	1.1156286957249182
673	T1003.008	/etc/passwd and /etc/shadow	2	Discovery_Reconnaissance	1.1161938570523506
765	T1137.002	Office Test	2	Discovery_Reconnaissance	1.116674491528146
679	T1650	Acquire Access	2	Discovery_Reconnaissance	1.116778769287133
546	T1001	Data Obfuscation	2	Discovery_Reconnaissance	1.1175064157270787
207	T1106	Native API	2	Discovery_Reconnaissance	1.117931795734035
601	T1195.002	Compromise Software Supply Chain	2	Discovery_Reconnaissance	1.1189591730810104
722	T1563.002	RDP Hijacking	2	Discovery_Reconnaissance	1.1191672857818624
319	T1563	Remote Service Session Hijacking	2	Discovery_Reconnaissance	1.120782454444207
34	T1003	OS Credential Dumping	2	Discovery_Reconnaissance	1.1215699132695787
534	T1218.001	Compiled HTML File	2	Discovery_Reconnaissance	1.1218497224705613
323	T1484.001	Group Policy Modification	2	Discovery_Reconnaissance	1.1219808683340933
518	T1593	Search Open Websites/Domains	2	Discovery_Reconnaissance	1.1233427134071687
745	T1098.002	Additional Email Delegate Permissions	2	Discovery_Reconnaissance	1.1237924715610785
203	T1059.002	AppleScript	2	Discovery_Reconnaissance	1.1245112280185487
488	T1041	Exfiltration Over C2 Channel	2	Discovery_Reconnaissance	1.1247704475950615
515	T1199	Trusted Relationship	2	Discovery_Reconnaissance	1.1253179466617684
517	T1069.001	Local Groups	2	Discovery_Reconnaissance	1.126651322983734
428	T1114.003	Email Forwarding Rule	2	Discovery_Reconnaissance	1.1280503591511337
144	T1543.003	Windows Service	2	Discovery_Reconnaissance	1.129242388678273
456	T1657	Financial Theft	2	Discovery_Reconnaissance	1.129767422402436
585	T1573	Encrypted Channel	2	Discovery_Reconnaissance	1.130241811498604
273	T1021.002	SMB/Windows Admin Shares	2	Discovery_Reconnaissance	1.1326109811373695
329	T1078.001	Default Accounts	2	Discovery_Reconnaissance	1.1329347264358811
807	T1556.004	Network Device Authentication	2	Discovery_Reconnaissance	1.1334955734215506
177	T1040	Network Sniffing	2	Discovery_Reconnaissance	1.134451392268031
77	T1069	Permission Groups Discovery	2	Discovery_Reconnaissance	1.136359554734338
764	T1591.001	Determine Physical Locations	2	Discovery_Reconnaissance	1.136396278644591
492	T1606	Forge Web Credentials	2	Discovery_Reconnaissance	1.13690228681073
283	T1550	Use Alternate Authentication Material	2	Discovery_Reconnaissance	1.1375694422545888
455	T1104	Multi-Stage Channels	2	Discovery_Reconnaissance	1.1382244518528277
26	T1592	Gather Victim Host Information	2	Discovery_Reconnaissance	1.1383615704639845
627	T1001.003	Protocol or Service Impersonation	2	Discovery_Reconnaissance	1.1396603213097165
795	T1566.003	Spearphishing via Service	2	Discovery_Reconnaissance	1.1399813767653921
270	T1563.001	SSH Hijacking	2	Discovery_Reconnaissance	1.140895234716923
82	T1594	Search Victim-Owned Websites	2	Discovery_Reconnaissance	1.1422762293296873
269	T1218.003	CMSTP	2	Discovery_Reconnaissance	1.1426041115436836
95	T1615	Group Policy Discovery	2	Discovery_Reconnaissance	1.1439837298775326
344	T1003.001	LSASS Memory	2	Discovery_Reconnaissance	1.144892449914245
392	T1090	Proxy	2	Discovery_Reconnaissance	1.1449304794240407
360	T1090.002	External Proxy	2	Discovery_Reconnaissance	1.1479689521821959
479	T1562.003	Impair Command History Logging	2	Discovery_Reconnaissance	1.148042827983326
324	T1217	Browser Information Discovery	2	Discovery_Reconnaissance	1.150364880822597
20	T1132.001	Standard Encoding	2	Discovery_Reconnaissance	1.153503957656459
191	T1082	System Information Discovery	2	Discovery_Reconnaissance	1.1570626225591445
171	T1555.005	Password Managers	2	Discovery_Reconnaissance	1.1602246112964862
718	T1059.005	Visual Basic	2	Discovery_Reconnaissance	1.1637631542292006
451	T1218.005	Mshta	2	Discovery_Reconnaissance	1.1645057124722968
256	T1620	Reflective Code Loading	2	Discovery_Reconnaissance	1.1648783440701387
275	T1572	Protocol Tunneling	2	Discovery_Reconnaissance	1.1664802070709783
312	T1580	Cloud Infrastructure Discovery	2	Discovery_Reconnaissance	1.166650632806875
166	T1574.001	DLL	2	Discovery_Reconnaissance	1.166758614026718
107	T1110.002	Password Cracking	2	Discovery_Reconnaissance	1.169341273688351
563	T1531	Account Access Removal	2	Discovery_Reconnaissance	1.1703248320791142
15	T1218.011	Rundll32	2	Discovery_Reconnaissance	1.1711053651416734
336	T1136.001	Local Account	2	Discovery_Reconnaissance	1.1711929196021873
474	T1552.006	Group Policy Preferences	2	Discovery_Reconnaissance	1.1732631581719735
746	T1588.003	Code Signing Certificates	2	Discovery_Reconnaissance	1.1739063574232247
814	T1078.003	Local Accounts	2	Discovery_Reconnaissance	1.1784714769858649
442	T1584.005	Botnet	2	Discovery_Reconnaissance	1.1801249183825426
119	T1587.001	Malware	2	Discovery_Reconnaissance	1.1828952541609643
170	T1583.005	Botnet	2	Discovery_Reconnaissance	1.1853006006900695
238	T1036	Masquerading	2	Discovery_Reconnaissance	1.186654182915545
430	T1649	Steal or Forge Authentication Certificates	2	Discovery_Reconnaissance	1.187937170217562
223	T1562	Impair Defenses	2	Discovery_Reconnaissance	1.188085914175248
14	T1583	Acquire Infrastructure	2	Discovery_Reconnaissance	1.1910907425121144
520	T1098	Account Manipulation	2	Discovery_Reconnaissance	1.1949042295897276
407	T1588.001	Malware	2	Discovery_Reconnaissance	1.1949194669450933
775	T1078.004	Cloud Accounts	2	Discovery_Reconnaissance	1.1969769184270507
523	T1547.006	Kernel Modules and Extensions	2	Discovery_Reconnaissance	1.1978623730057334
556	T1078	Valid Accounts	2	Discovery_Reconnaissance	1.1989848742806923
653	T1564.003	Hidden Window	2	Discovery_Reconnaissance	1.1991550433013127
